metric,baseline_meanpool,exp1_textcnn,exp2_bigru_attn
Accuracy,0.9304,0.9467,0.9558
Accuracy 95% CI,"[0.9276, 0.9330]","[0.9446, 0.9488]","[0.9537, 0.9577]"
Precision (macro),0.9304,0.9467,0.9558
Recall (macro),0.9304,0.9467,0.9558
F1 (macro),0.9304,0.9467,0.9558
F1 macro 95% CI,"[0.9276, 0.9330]","[0.9446, 0.9488]","[0.9537, 0.9577]"
Precision (micro),0.9304,0.9467,0.9558
Recall (micro),0.9304,0.9467,0.9558
F1 (micro),0.9304,0.9467,0.9558
Precision (weighted),0.9304,0.9467,0.9558
Recall (weighted),0.9304,0.9467,0.9558
F1 (weighted),0.9304,0.9467,0.9558
Confusion matrix [TN FP; FN TP],"[17,718 1,282; 1,363 17,637]","[17,951 1,049; 976 18,024]","[18,029 971; 710 18,290]"
ROC-AUC,0.9800,0.9883,0.9917
PR-AUC,0.9802,0.9885,0.9920
MCC,0.8608,0.8934,0.9116
MCC 95% CI,"[0.8553, 0.8659]","[0.8891, 0.8975]","[0.9076, 0.9155]"
Brier score,0.0520,0.0399,0.0337
ECE (15 bins),0.0045,0.0049,0.0110
"McNemar vs baseline (b / c, p)",- (baseline),"613 / 1,233, p=4.67e-47","557 / 1,521, p=4.65e-99"
Parameters,"3,848,321","4,037,377","4,367,873"
Training time (min),0.3545,0.9865,19.1767
Epochs run (best),8 (8),5 (5),5 (4)
Train examples/sec,"279,909","54,074","2,271"
Inference examples/sec,"2,126,409","193,858","29,489"
Peak GPU memory (MB),"1,149","1,277","1,392"
"Peak CPU RSS (MB, process)","2,723","2,723","2,723"
Hardware,NVIDIA GeForce RTX 5090,NVIDIA GeForce RTX 5090,NVIDIA GeForce RTX 5090
