sample_id,direction,style_score_1,style_score_2,content_score_1,content_score_2,artifact_score_1,artifact_score_2
000000.jpg,B2A_photo_to_monet,,,,,,
000001.jpg,B2A_photo_to_monet,,,,,,
000002.jpg,B2A_photo_to_monet,,,,,,
000003.jpg,B2A_photo_to_monet,,,,,,
000004.jpg,B2A_photo_to_monet,,,,,,
000005.jpg,B2A_photo_to_monet,,,,,,
000006.jpg,B2A_photo_to_monet,,,,,,
000007.jpg,B2A_photo_to_monet,,,,,,
000008.jpg,B2A_photo_to_monet,,,,,,
000009.jpg,B2A_photo_to_monet,,,,,,
000010.jpg,B2A_photo_to_monet,,,,,,
000011.jpg,B2A_photo_to_monet,,,,,,
000012.jpg,B2A_photo_to_monet,,,,,,
000013.jpg,B2A_photo_to_monet,,,,,,
000014.jpg,B2A_photo_to_monet,,,,,,
000015.jpg,B2A_photo_to_monet,,,,,,
000016.jpg,B2A_photo_to_monet,,,,,,
000017.jpg,B2A_photo_to_monet,,,,,,
000018.jpg,B2A_photo_to_monet,,,,,,
000019.jpg,B2A_photo_to_monet,,,,,,
000020.jpg,B2A_photo_to_monet,,,,,,
000021.jpg,B2A_photo_to_monet,,,,,,
000022.jpg,B2A_photo_to_monet,,,,,,
000023.jpg,B2A_photo_to_monet,,,,,,
000024.jpg,B2A_photo_to_monet,,,,,,
000025.jpg,B2A_photo_to_monet,,,,,,
000026.jpg,B2A_photo_to_monet,,,,,,
000027.jpg,B2A_photo_to_monet,,,,,,
000028.jpg,B2A_photo_to_monet,,,,,,
000029.jpg,B2A_photo_to_monet,,,,,,
