epoch,step,lr,train_loss_running,train_loss_eval,val_loss,val_ppl,val_bpc,val_top1_acc,train_top1_acc,gen_gap,epoch_time_sec,tokens_per_sec
1,5503,5.911714e-04,1.05056,0.71287,0.71534,2.0449,1.0320,0.77356,0.77414,0.00248,169.6,531728.3
2,11006,5.562882e-04,0.72155,0.66208,0.66612,1.9467,0.9610,0.78838,0.78935,0.00405,178.9,504078.1
3,16509,4.983493e-04,0.68438,0.63571,0.64196,1.9002,0.9262,0.79574,0.79716,0.00625,176.2,511708.7
4,22012,4.232579e-04,0.66250,0.61879,0.62542,1.8690,0.9023,0.80072,0.80230,0.00664,175.4,514136.5
5,27515,3.386648e-04,0.64558,0.60498,0.61210,1.8443,0.8831,0.80478,0.80644,0.00712,170.6,528530.9
6,33018,2.531889e-04,0.63105,0.59162,0.60001,1.8221,0.8656,0.80831,0.81023,0.00840,169.5,531774.6
7,38521,1.755390e-04,0.61886,0.58034,0.58959,1.8033,0.8506,0.81156,0.81367,0.00926,169.3,532650.0
8,44024,1.136266e-04,0.60712,0.57074,0.58086,1.7876,0.8380,0.81436,0.81675,0.01012,169.7,531152.6
9,49527,7.375960e-05,0.59819,0.56325,0.57391,1.7752,0.8280,0.81631,0.81880,0.01067,169.4,532318.2
10,55030,6.000000e-05,0.59184,0.55966,0.57105,1.7701,0.8239,0.81726,0.82009,0.01140,177.7,507371.1
