sample_id,direction,input_file,output_file
S01,photo->monet,task3_gan/data/photo_jpg/024d98032b.jpg,task3_gan/shibin_thomas/outputs/pred_B2A/024d98032b.jpg
S02,photo->monet,task3_gan/data/photo_jpg/072f1336c9.jpg,task3_gan/shibin_thomas/outputs/pred_B2A/072f1336c9.jpg
S03,monet->photo,task3_gan/data/monet_jpg/e9f5563817.jpg,task3_gan/shibin_thomas/outputs/pred_A2B/e9f5563817.jpg
S04,monet->photo,task3_gan/data/monet_jpg/429e382095.jpg,task3_gan/shibin_thomas/outputs/pred_A2B/429e382095.jpg
S05,monet->photo,task3_gan/data/monet_jpg/a619072f82.jpg,task3_gan/shibin_thomas/outputs/pred_A2B/a619072f82.jpg
S06,monet->photo,task3_gan/data/monet_jpg/d1d9748a64.jpg,task3_gan/shibin_thomas/outputs/pred_A2B/d1d9748a64.jpg
S07,photo->monet,task3_gan/data/photo_jpg/0159685c51.jpg,task3_gan/shibin_thomas/outputs/pred_B2A/0159685c51.jpg
S08,photo->monet,task3_gan/data/photo_jpg/087e779e73.jpg,task3_gan/shibin_thomas/outputs/pred_B2A/087e779e73.jpg
S09,monet->photo,task3_gan/data/monet_jpg/28deb43a71.jpg,task3_gan/shibin_thomas/outputs/pred_A2B/28deb43a71.jpg
S10,monet->photo,task3_gan/data/monet_jpg/4260d1c556.jpg,task3_gan/shibin_thomas/outputs/pred_A2B/4260d1c556.jpg
S11,monet->photo,task3_gan/data/monet_jpg/4e05523825.jpg,task3_gan/shibin_thomas/outputs/pred_A2B/4e05523825.jpg
S12,monet->photo,task3_gan/data/monet_jpg/ba52f976af.jpg,task3_gan/shibin_thomas/outputs/pred_A2B/ba52f976af.jpg
S13,photo->monet,task3_gan/data/photo_jpg/09e2982b82.jpg,task3_gan/shibin_thomas/outputs/pred_B2A/09e2982b82.jpg
S14,photo->monet,task3_gan/data/photo_jpg/01771d99c3.jpg,task3_gan/shibin_thomas/outputs/pred_B2A/01771d99c3.jpg
S15,photo->monet,task3_gan/data/photo_jpg/023637f8fb.jpg,task3_gan/shibin_thomas/outputs/pred_B2A/023637f8fb.jpg
S16,monet->photo,task3_gan/data/monet_jpg/8114fa2607.jpg,task3_gan/shibin_thomas/outputs/pred_A2B/8114fa2607.jpg
S17,photo->monet,task3_gan/data/photo_jpg/0a271892d0.jpg,task3_gan/shibin_thomas/outputs/pred_B2A/0a271892d0.jpg
S18,photo->monet,task3_gan/data/photo_jpg/0341fa51d0.jpg,task3_gan/shibin_thomas/outputs/pred_B2A/0341fa51d0.jpg
S19,monet->photo,task3_gan/data/monet_jpg/6f0b9df5c5.jpg,task3_gan/shibin_thomas/outputs/pred_A2B/6f0b9df5c5.jpg
S20,photo->monet,task3_gan/data/photo_jpg/01bce47d3f.jpg,task3_gan/shibin_thomas/outputs/pred_B2A/01bce47d3f.jpg
S21,photo->monet,task3_gan/data/photo_jpg/07e9bc5956.jpg,task3_gan/shibin_thomas/outputs/pred_B2A/07e9bc5956.jpg
S22,monet->photo,task3_gan/data/monet_jpg/052a77c020.jpg,task3_gan/shibin_thomas/outputs/pred_A2B/052a77c020.jpg
S23,monet->photo,task3_gan/data/monet_jpg/586acab7c5.jpg,task3_gan/shibin_thomas/outputs/pred_A2B/586acab7c5.jpg
S24,monet->photo,task3_gan/data/monet_jpg/8b7948248f.jpg,task3_gan/shibin_thomas/outputs/pred_A2B/8b7948248f.jpg
S25,monet->photo,task3_gan/data/monet_jpg/732d76a469.jpg,task3_gan/shibin_thomas/outputs/pred_A2B/732d76a469.jpg
S26,photo->monet,task3_gan/data/photo_jpg/0425fc7ce5.jpg,task3_gan/shibin_thomas/outputs/pred_B2A/0425fc7ce5.jpg
S27,photo->monet,task3_gan/data/photo_jpg/009ddaed1f.jpg,task3_gan/shibin_thomas/outputs/pred_B2A/009ddaed1f.jpg
S28,photo->monet,task3_gan/data/photo_jpg/098b35d919.jpg,task3_gan/shibin_thomas/outputs/pred_B2A/098b35d919.jpg
S29,monet->photo,task3_gan/data/monet_jpg/118da0690c.jpg,task3_gan/shibin_thomas/outputs/pred_A2B/118da0690c.jpg
S30,photo->monet,task3_gan/data/photo_jpg/09d34f7412.jpg,task3_gan/shibin_thomas/outputs/pred_B2A/09d34f7412.jpg
