epoch,step,lr,mean_loss_G,mean_gan_A2B,mean_gan_B2A,mean_cyc_A,mean_cyc_B,mean_idt_A,mean_idt_B,mean_loss_D_A,mean_loss_D_B,cycle_l1_A,cycle_l1_B,fid_B2A,fid_A2B,epoch_time_sec
1,500,2.000e-04,8.72103,0.45510,0.48606,0.26020,0.27500,0.24286,0.24270,0.33783,0.33297,0.11120,0.10374,,,151.0
2,1000,2.000e-04,7.34106,0.44261,0.50566,0.21280,0.22748,0.20075,0.19725,0.20518,0.22525,0.12287,0.11382,,,132.2
3,1500,2.000e-04,7.06042,0.48459,0.48038,0.20059,0.21613,0.19476,0.19087,0.19019,0.20035,0.09436,0.10972,,,141.7
4,2000,2.000e-04,6.75283,0.43737,0.48842,0.19174,0.20645,0.18882,0.18021,0.18852,0.20229,0.09481,0.10275,,,144.8
5,2500,2.000e-04,6.60354,0.43936,0.52170,0.18567,0.19956,0.18308,0.17495,0.17555,0.20283,0.08526,0.09249,153.206,187.668,134.2
6,3000,2.000e-04,6.41963,0.44964,0.54255,0.17944,0.19079,0.17780,0.16723,0.17413,0.20004,0.09998,0.10262,,,136.6
7,3500,2.000e-04,6.49131,0.46070,0.56213,0.17971,0.19448,0.17712,0.16820,0.15911,0.19528,0.08048,0.08927,,,142.1
8,4000,2.000e-04,6.22022,0.45094,0.60278,0.17141,0.18117,0.16898,0.15916,0.21839,0.19738,0.07670,0.08136,,,134.5
9,4500,2.000e-04,5.90513,0.45258,0.48119,0.16362,0.17498,0.15960,0.15748,0.17050,0.19278,0.08318,0.09257,,,141.5
10,5000,2.000e-04,5.85649,0.45832,0.59387,0.15951,0.16736,0.15787,0.14925,0.13737,0.18831,0.07466,0.08491,145.384,155.230,136.5
11,5500,2.000e-04,5.86532,0.44678,0.61153,0.15877,0.16787,0.15890,0.14921,0.13969,0.19482,0.07637,0.07697,,,134.8
12,6000,2.000e-04,5.83499,0.41603,0.63527,0.15741,0.16833,0.15998,0.14527,0.12693,0.26258,0.08023,0.08306,,,141.4
13,6500,2.000e-04,5.53165,0.36687,0.52270,0.15186,0.16397,0.15936,0.13740,0.16642,0.22545,0.07490,0.08415,,,135.9
14,7000,2.000e-04,5.46515,0.38719,0.51863,0.14898,0.16135,0.15442,0.13679,0.16508,0.21877,0.06833,0.07375,,,137.0
15,7500,2.000e-04,5.54006,0.40759,0.52680,0.14926,0.16388,0.15448,0.14039,0.16033,0.20750,0.07344,0.07833,147.105,169.466,145.7
16,8000,2.000e-04,5.50104,0.41769,0.52924,0.14864,0.16010,0.15335,0.13997,0.15891,0.20212,0.07480,0.07436,,,142.9
17,8500,2.000e-04,5.57552,0.45669,0.53801,0.14964,0.16195,0.15018,0.14278,0.15614,0.18593,0.07722,0.07899,,,152.2
18,9000,2.000e-04,5.49417,0.47645,0.53987,0.14740,0.15687,0.14894,0.13808,0.15177,0.17881,0.07738,0.08075,,,139.6
19,9500,2.000e-04,5.52869,0.48490,0.56854,0.14593,0.15810,0.14939,0.13759,0.14558,0.17632,0.07550,0.07136,,,143.9
20,10000,2.000e-04,5.48771,0.49292,0.56362,0.14547,0.15574,0.14701,0.13680,0.13956,0.17115,0.07401,0.07857,128.703,128.564,147.4
21,10500,1.905e-04,5.34256,0.49185,0.56384,0.13908,0.15118,0.14284,0.13401,0.13768,0.17541,0.07486,0.07438,,,142.8
22,11000,1.810e-04,5.29347,0.49379,0.56967,0.13645,0.14931,0.14056,0.13391,0.13684,0.16714,0.07155,0.07421,,,139.4
23,11500,1.714e-04,5.34233,0.53632,0.58425,0.13852,0.14714,0.14042,0.13261,0.12696,0.14665,0.07779,0.07837,,,153.5
24,12000,1.619e-04,5.50586,0.53238,0.61052,0.14238,0.15366,0.14575,0.13476,0.12197,0.15022,0.07024,0.07107,,,112.9
25,12500,1.524e-04,5.25605,0.52307,0.59931,0.13217,0.14687,0.13735,0.13130,0.11812,0.14706,0.06589,0.07471,130.243,119.723,115.2
26,13000,1.429e-04,5.12201,0.54248,0.58725,0.12796,0.14036,0.13510,0.12670,0.12241,0.14427,0.07078,0.07057,,,115.0
27,13500,1.333e-04,5.17896,0.56172,0.60780,0.12710,0.14293,0.13378,0.12803,0.11349,0.13592,0.06715,0.07323,,,112.3
28,14000,1.238e-04,5.15039,0.53856,0.63005,0.12499,0.14282,0.13436,0.12638,0.10849,0.14388,0.06356,0.07528,,,114.2
29,14500,1.143e-04,5.06426,0.56437,0.61330,0.12163,0.13944,0.13150,0.12368,0.11144,0.13204,0.05971,0.06413,,,114.8
30,15000,1.048e-04,4.98395,0.55214,0.62355,0.11757,0.13829,0.12708,0.12283,0.10706,0.13784,0.06040,0.06665,118.981,121.802,115.1
31,15500,9.524e-05,4.90070,0.54854,0.61691,0.11540,0.13497,0.12510,0.12120,0.10832,0.13621,0.05881,0.07009,,,114.7
32,16000,8.571e-05,4.85783,0.57939,0.62040,0.11316,0.13145,0.12208,0.12031,0.10401,0.12326,0.05995,0.06496,,,123.0
33,16500,7.619e-05,4.86702,0.58928,0.63542,0.11102,0.13318,0.12083,0.11924,0.10162,0.12285,0.05947,0.06518,,,115.1
34,17000,6.667e-05,4.74418,0.57870,0.63148,0.10848,0.12841,0.11751,0.11551,0.10170,0.12189,0.05681,0.06482,,,114.9
35,17500,5.714e-05,4.70897,0.58076,0.62251,0.10685,0.12767,0.11723,0.11487,0.10351,0.12375,0.05657,0.06490,123.528,121.251,121.0
36,18000,4.762e-05,4.64115,0.56642,0.63460,0.10382,0.12582,0.11392,0.11483,0.09957,0.12559,0.05572,0.06470,,,113.2
37,18500,3.810e-05,4.63455,0.56567,0.64685,0.10228,0.12644,0.11227,0.11469,0.09835,0.12577,0.05402,0.06174,,,113.5
38,19000,2.857e-05,4.54024,0.54488,0.65300,0.10009,0.12319,0.11063,0.11127,0.09587,0.13237,0.05272,0.06325,,,114.3
39,19500,1.905e-05,4.51014,0.52742,0.65462,0.09831,0.12381,0.10948,0.11189,0.09399,0.13945,0.05273,0.06138,,,114.0
40,20000,9.524e-06,4.45808,0.52832,0.67483,0.09631,0.12039,0.10801,0.10959,0.08946,0.13940,0.05212,0.06183,121.635,118.086,115.1
